denominazione_regione,data,ML,Low_90,High_90,Low_50,High_50
Abruzzo,2020-03-14 17:00:00,3.0,0.86,6.84,1.86,4.2700000000000005
Abruzzo,2020-03-15 17:00:00,2.4,1.01,3.89,1.74,2.95
Abruzzo,2020-03-16 17:00:00,2.66,1.43,3.81,2.08,3.0700000000000003
Abruzzo,2020-03-17 17:00:00,2.68,1.6500000000000001,3.62,2.24,3.0500000000000003
Abruzzo,2020-03-18 17:00:00,2.57,1.68,3.37,2.14,2.84
Abruzzo,2020-03-19 17:00:00,2.32,1.51,3.02,1.95,2.57
Abruzzo,2020-03-20 17:00:00,2.06,1.33,2.72,1.75,2.32
Abruzzo,2020-03-21 17:00:00,1.74,1.03,2.36,1.4000000000000001,1.95
Abruzzo,2020-03-22 17:00:00,1.56,0.87,2.17,1.29,1.82
Abruzzo,2020-03-23 17:00:00,1.48,0.79,2.07,1.1400000000000001,1.67
Abruzzo,2020-03-24 17:00:00,1.5,0.8300000000000001,2.09,1.18,1.7
Abruzzo,2020-03-25 17:00:00,1.58,0.9500000000000001,2.18,1.27,1.78
Abruzzo,2020-03-26 17:00:00,1.6600000000000001,1.02,2.22,1.41,1.9000000000000001
Abruzzo,2020-03-27 17:00:00,1.57,0.9400000000000001,2.11,1.28,1.76
Abruzzo,2020-03-28 17:00:00,1.42,0.8300000000000001,1.97,1.1400000000000001,1.61
Abruzzo,2020-03-29 17:00:00,1.12,0.52,1.6600000000000001,0.84,1.31
Abruzzo,2020-03-30 17:00:00,0.85,0.26,1.4000000000000001,0.54,1.02
Abruzzo,2020-03-31 17:00:00,0.67,0.06,1.17,0.39,0.87
Abruzzo,2020-04-01 17:00:00,0.52,0.0,1.04,0.28,0.75
Abruzzo,2020-04-02 17:00:00,0.49,0.0,1.05,0.19,0.67
Abruzzo,2020-04-03 17:00:00,0.6,0.02,1.16,0.3,0.81
Abruzzo,2020-04-04 17:00:00,0.6900000000000001,0.06,1.27,0.41000000000000003,0.9400000000000001
Abruzzo,2020-04-05 17:00:00,0.75,0.07,1.32,0.39,0.9400000000000001
Abruzzo,2020-04-06 17:00:00,0.79,0.13,1.4000000000000001,0.47000000000000003,1.02
Abruzzo,2020-04-07 17:00:00,0.88,0.17,1.48,0.53,1.09
Abruzzo,2020-04-08 17:00:00,1.07,0.36,1.7,0.71,1.27
Abruzzo,2020-04-09 17:00:00,1.12,0.43,1.75,0.77,1.32
Abruzzo,2020-04-10 17:00:00,1.16,0.47000000000000003,1.77,0.8200000000000001,1.36
Abruzzo,2020-04-11 17:00:00,1.01,0.34,1.62,0.7000000000000001,1.23
Abruzzo,2020-04-12 17:00:00,0.8300000000000001,0.16,1.41,0.52,1.05
Abruzzo,2020-04-13 17:00:00,0.6900000000000001,0.04,1.24,0.36,0.89
Abruzzo,2020-04-14 17:00:00,0.66,0.05,1.24,0.38,0.91
Abruzzo,2020-04-15 17:00:00,0.74,0.05,1.31,0.43,0.98
Abruzzo,2020-04-16 17:00:00,0.89,0.17,1.5,0.54,1.11
Abruzzo,2020-04-17 17:00:00,1.01,0.28,1.6400000000000001,0.66,1.23
Abruzzo,2020-04-18 17:00:00,1.05,0.31,1.67,0.74,1.3
Abruzzo,2020-04-19 17:00:00,1.06,0.32,1.67,0.71,1.27
Abruzzo,2020-04-20 17:00:00,1.02,0.32,1.6500000000000001,0.71,1.26
Abruzzo,2020-04-21 17:00:00,0.9,0.18,1.49,0.58,1.1300000000000001
Abruzzo,2020-04-22 17:00:00,0.8200000000000001,0.1,1.3900000000000001,0.51,1.06
Abruzzo,2020-04-23 17:00:00,0.71,0.05,1.29,0.38,0.93
Abruzzo,2020-04-24 17:00:00,0.51,0.0,1.12,0.18,0.7000000000000001
Abruzzo,2020-04-25 17:00:00,0.4,0.0,1.07,0.13,0.62
Basilicata,2020-03-19 17:00:00,3.0,0.86,6.84,1.86,4.2700000000000005
Basilicata,2020-03-20 17:00:00,2.71,1.01,4.7700000000000005,1.83,3.42
Basilicata,2020-03-21 17:00:00,2.25,0.88,3.85,1.55,2.8000000000000003
Basilicata,2020-03-22 17:00:00,2.02,0.76,3.39,1.3900000000000001,2.49
Basilicata,2020-03-23 17:00:00,1.87,0.66,3.1,1.34,2.35
Basilicata,2020-03-24 17:00:00,1.83,0.63,2.97,1.26,2.23
Basilicata,2020-03-25 17:00:00,1.92,0.75,3.02,1.37,2.31
Basilicata,2020-03-26 17:00:00,1.9100000000000001,0.77,2.94,1.43,2.32
Basilicata,2020-03-27 17:00:00,1.8800000000000001,0.81,2.88,1.42,2.27
Basilicata,2020-03-28 17:00:00,1.74,0.6900000000000001,2.68,1.26,2.08
Basilicata,2020-03-29 17:00:00,1.58,0.5700000000000001,2.5,1.09,1.8900000000000001
Basilicata,2020-03-30 17:00:00,1.36,0.34,2.23,0.93,1.71
Basilicata,2020-03-31 17:00:00,1.23,0.22,2.07,0.78,1.56
Basilicata,2020-04-01 17:00:00,1.1,0.11,1.9100000000000001,0.67,1.45
Basilicata,2020-04-02 17:00:00,1.04,0.08,1.85,0.55,1.34
Basilicata,2020-04-03 17:00:00,0.97,0.04,1.78,0.49,1.28
Basilicata,2020-04-04 17:00:00,0.96,0.04,1.79,0.46,1.26
Basilicata,2020-04-05 17:00:00,0.88,0.0,1.72,0.44,1.23
Basilicata,2020-04-06 17:00:00,0.8,0.0,1.68,0.35000000000000003,1.1300000000000001
Basilicata,2020-04-07 17:00:00,0.7000000000000001,0.0,1.6500000000000001,0.22,0.99
Basilicata,2020-04-08 17:00:00,0.58,0.0,1.61,0.16,0.91
Basilicata,2020-04-09 17:00:00,0.48,0.0,1.58,0.11,0.84
Basilicata,2020-04-10 17:00:00,0.49,0.0,1.61,0.11,0.85
Basilicata,2020-04-11 17:00:00,0.43,0.0,1.58,0.12,0.8300000000000001
Basilicata,2020-04-12 17:00:00,0.39,0.0,1.55,0.07,0.76
Basilicata,2020-04-13 17:00:00,0.45,0.0,1.6400000000000001,0.17,0.9
Basilicata,2020-04-14 17:00:00,0.46,0.0,1.6600000000000001,0.09,0.84
Basilicata,2020-04-15 17:00:00,0.47000000000000003,0.0,1.68,0.1,0.86
Basilicata,2020-04-16 17:00:00,0.55,0.0,1.77,0.19,0.99
Basilicata,2020-04-17 17:00:00,0.48,0.0,1.71,0.13,0.9
Basilicata,2020-04-18 17:00:00,0.48,0.0,1.73,0.12,0.9
Basilicata,2020-04-19 17:00:00,0.49,0.0,1.75,0.11,0.9
Basilicata,2020-04-20 17:00:00,0.43,0.0,1.69,0.12,0.87
Basilicata,2020-04-21 17:00:00,0.5,0.0,1.79,0.18,0.98
Basilicata,2020-04-22 17:00:00,0.51,0.0,1.8,0.15,0.96
Basilicata,2020-04-23 17:00:00,0.45,0.0,1.74,0.15,0.92
Basilicata,2020-04-24 17:00:00,0.45,0.0,1.76,0.13,0.91
Basilicata,2020-04-25 17:00:00,0.46,0.0,1.78,0.12,0.91
Calabria,2020-03-18 17:00:00,3.0,0.86,6.84,1.86,4.2700000000000005
Calabria,2020-03-19 17:00:00,2.4,1.01,3.89,1.74,2.95
Calabria,2020-03-20 17:00:00,1.99,0.86,3.11,1.44,2.38
Calabria,2020-03-21 17:00:00,1.73,0.73,2.7,1.25,2.07
Calabria,2020-03-22 17:00:00,1.58,0.63,2.46,1.11,1.87
Calabria,2020-03-23 17:00:00,1.43,0.53,2.27,1.0,1.72
Calabria,2020-03-24 17:00:00,1.55,0.66,2.36,1.1400000000000001,1.84
Calabria,2020-03-25 17:00:00,1.73,0.86,2.5,1.37,2.04
Calabria,2020-03-26 17:00:00,1.84,1.0,2.56,1.46,2.1
Calabria,2020-03-27 17:00:00,1.85,1.06,2.54,1.48,2.09
Calabria,2020-03-28 17:00:00,1.6300000000000001,0.87,2.29,1.33,1.9100000000000001
Calabria,2020-03-29 17:00:00,1.29,0.54,1.94,0.92,1.5
Calabria,2020-03-30 17:00:00,0.98,0.24,1.62,0.62,1.2
Calabria,2020-03-31 17:00:00,0.7000000000000001,0.01,1.28,0.35000000000000003,0.92
Calabria,2020-04-01 17:00:00,0.5,0.0,1.17,0.19,0.73
Calabria,2020-04-02 17:00:00,0.52,0.0,1.22,0.23,0.79
Calabria,2020-04-03 17:00:00,0.68,0.0,1.36,0.29,0.91
Calabria,2020-04-04 17:00:00,0.8,0.07,1.51,0.38,1.03
Calabria,2020-04-05 17:00:00,0.8200000000000001,0.06,1.52,0.46,1.11
Calabria,2020-04-06 17:00:00,0.8,0.04,1.49,0.43,1.08
Calabria,2020-04-07 17:00:00,0.6900000000000001,0.0,1.3800000000000001,0.26,0.9
Calabria,2020-04-08 17:00:00,0.66,0.0,1.3800000000000001,0.24,0.88
Calabria,2020-04-09 17:00:00,0.49,0.0,1.28,0.16,0.75
Calabria,2020-04-10 17:00:00,0.43,0.0,1.26,0.16,0.73
Calabria,2020-04-11 17:00:00,0.42,0.0,1.27,0.1,0.68
Calabria,2020-04-12 17:00:00,0.42,0.0,1.27,0.1,0.68
Calabria,2020-04-13 17:00:00,0.49,0.0,1.35,0.14,0.76
Calabria,2020-04-14 17:00:00,0.53,0.0,1.3900000000000001,0.21,0.84
Calabria,2020-04-15 17:00:00,0.56,0.0,1.42,0.19,0.84
Calabria,2020-04-16 17:00:00,0.59,0.0,1.45,0.24,0.9
Calabria,2020-04-17 17:00:00,0.5,0.0,1.3900000000000001,0.14,0.78
Calabria,2020-04-18 17:00:00,0.47000000000000003,0.0,1.3800000000000001,0.15,0.78
Calabria,2020-04-19 17:00:00,0.45,0.0,1.37,0.16,0.78
Calabria,2020-04-20 17:00:00,0.43,0.0,1.36,0.1,0.72
Calabria,2020-04-21 17:00:00,0.45,0.0,1.4000000000000001,0.16,0.79
Calabria,2020-04-22 17:00:00,0.43,0.0,1.3900000000000001,0.09,0.72
Calabria,2020-04-23 17:00:00,0.45,0.0,1.42,0.14,0.78
Calabria,2020-04-24 17:00:00,0.47000000000000003,0.0,1.45,0.12,0.78
Calabria,2020-04-25 17:00:00,0.49,0.0,1.48,0.16,0.8300000000000001
Campania,2020-03-11 17:00:00,3.0,0.86,6.84,1.86,4.2700000000000005
Campania,2020-03-12 17:00:00,2.66,1.19,4.17,1.97,3.22
Campania,2020-03-13 17:00:00,2.62,1.43,3.77,2.09,3.06
Campania,2020-03-14 17:00:00,2.5500000000000003,1.51,3.47,2.06,2.87
Campania,2020-03-15 17:00:00,2.16,1.25,2.96,1.78,2.48
Campania,2020-03-16 17:00:00,2.18,1.36,2.92,1.82,2.46
Campania,2020-03-17 17:00:00,2.1,1.34,2.7800000000000002,1.78,2.37
Campania,2020-03-18 17:00:00,2.1,1.3900000000000001,2.74,1.75,2.31
Campania,2020-03-19 17:00:00,2.02,1.37,2.64,1.68,2.21
Campania,2020-03-20 17:00:00,1.8800000000000001,1.22,2.44,1.59,2.09
Campania,2020-03-21 17:00:00,1.6600000000000001,1.03,2.21,1.35,1.84
Campania,2020-03-22 17:00:00,1.47,0.86,2.02,1.18,1.6600000000000001
Campania,2020-03-23 17:00:00,1.23,0.61,1.77,0.93,1.41
Campania,2020-03-24 17:00:00,1.24,0.61,1.78,0.96,1.44
Campania,2020-03-25 17:00:00,1.32,0.71,1.87,1.02,1.5
Campania,2020-03-26 17:00:00,1.46,0.85,1.99,1.18,1.6500000000000001
Campania,2020-03-27 17:00:00,1.59,0.99,2.1,1.3,1.76
Campania,2020-03-28 17:00:00,1.6300000000000001,1.06,2.13,1.37,1.81
Campania,2020-03-29 17:00:00,1.55,0.99,2.0300000000000002,1.28,1.71
Campania,2020-03-30 17:00:00,1.48,0.9400000000000001,1.96,1.23,1.6500000000000001
Campania,2020-03-31 17:00:00,1.44,0.9,1.9000000000000001,1.2,1.61
Campania,2020-04-01 17:00:00,1.37,0.84,1.83,1.11,1.52
Campania,2020-04-02 17:00:00,1.28,0.75,1.73,1.05,1.45
Campania,2020-04-03 17:00:00,1.11,0.62,1.59,0.88,1.28
Campania,2020-04-04 17:00:00,0.9,0.39,1.37,0.64,1.05
Campania,2020-04-05 17:00:00,0.71,0.16,1.1500000000000001,0.48,0.89
Campania,2020-04-06 17:00:00,0.48,0.0,0.9,0.26,0.66
Campania,2020-04-07 17:00:00,0.36,0.0,0.84,0.1,0.49
Campania,2020-04-08 17:00:00,0.36,0.0,0.85,0.13,0.52
Campania,2020-04-09 17:00:00,0.4,0.0,0.9,0.16,0.5700000000000001
Campania,2020-04-10 17:00:00,0.43,0.0,0.9400000000000001,0.15,0.58
Campania,2020-04-11 17:00:00,0.49,0.01,1.0,0.2,0.65
Campania,2020-04-12 17:00:00,0.49,0.01,1.01,0.24,0.6900000000000001
Campania,2020-04-13 17:00:00,0.53,0.0,1.04,0.23,0.7000000000000001
Campania,2020-04-14 17:00:00,0.53,0.02,1.07,0.28,0.75
Campania,2020-04-15 17:00:00,0.5,0.0,1.04,0.24,0.71
Campania,2020-04-16 17:00:00,0.45,0.0,1.01,0.19,0.65
Campania,2020-04-17 17:00:00,0.42,0.0,1.0,0.14,0.6
Campania,2020-04-18 17:00:00,0.37,0.0,0.97,0.12,0.56
Campania,2020-04-19 17:00:00,0.43,0.0,1.03,0.15,0.62
Campania,2020-04-20 17:00:00,0.48,0.0,1.09,0.17,0.67
Campania,2020-04-21 17:00:00,0.56,0.0,1.16,0.27,0.79
Campania,2020-04-22 17:00:00,0.6,0.02,1.21,0.26,0.8
Campania,2020-04-23 17:00:00,0.6,0.0,1.2,0.3,0.84
Campania,2020-04-24 17:00:00,0.54,0.0,1.16,0.22,0.75
Campania,2020-04-25 17:00:00,0.43,0.0,1.1,0.19,0.6900000000000001
Emilia-Romagna,2020-02-25 18:00:00,3.0,0.86,6.84,1.86,4.2700000000000005
Emilia-Romagna,2020-02-26 18:00:00,2.92,1.41,4.47,2.24,3.52
Emilia-Romagna,2020-02-27 18:00:00,2.72,1.56,3.88,2.21,3.17
Emilia-Romagna,2020-02-28 18:00:00,2.49,1.47,3.4,2.0,2.8000000000000003
Emilia-Romagna,2020-02-29 17:00:00,2.39,1.48,3.17,1.95,2.65
Emilia-Romagna,2020-03-01 17:00:00,2.31,1.49,3.0100000000000002,1.9100000000000001,2.54
Emilia-Romagna,2020-03-02 18:00:00,2.2600000000000002,1.52,2.91,1.94,2.5100000000000002
Emilia-Romagna,2020-03-03 18:00:00,2.3000000000000003,1.61,2.9,1.99,2.52
Emilia-Romagna,2020-03-04 17:00:00,2.2600000000000002,1.62,2.82,2.0100000000000002,2.5
Emilia-Romagna,2020-03-05 17:00:00,2.2,1.59,2.72,1.95,2.41
Emilia-Romagna,2020-03-06 17:00:00,2.08,1.5,2.57,1.81,2.25
Emilia-Romagna,2020-03-07 18:00:00,1.87,1.31,2.34,1.6300000000000001,2.05
Emilia-Romagna,2020-03-08 18:00:00,1.69,1.16,2.16,1.46,1.87
Emilia-Romagna,2020-03-09 18:00:00,1.56,1.04,2.02,1.29,1.7
Emilia-Romagna,2020-03-10 18:00:00,1.56,1.03,2.0,1.31,1.71
Emilia-Romagna,2020-03-11 17:00:00,1.69,1.19,2.13,1.44,1.83
Emilia-Romagna,2020-03-12 17:00:00,1.8900000000000001,1.42,2.32,1.68,2.05
Emilia-Romagna,2020-03-13 17:00:00,2.0,1.53,2.39,1.82,2.17
Emilia-Romagna,2020-03-14 17:00:00,2.0100000000000002,1.58,2.39,1.78,2.12
Emilia-Romagna,2020-03-15 17:00:00,1.95,1.52,2.3000000000000003,1.75,2.07
Emilia-Romagna,2020-03-16 17:00:00,1.9000000000000001,1.51,2.25,1.7,2.0100000000000002
Emilia-Romagna,2020-03-17 17:00:00,1.87,1.49,2.2,1.6600000000000001,1.96
Emilia-Romagna,2020-03-18 17:00:00,1.84,1.46,2.15,1.69,1.97
Emilia-Romagna,2020-03-19 17:00:00,1.82,1.46,2.12,1.6600000000000001,1.93
Emilia-Romagna,2020-03-20 17:00:00,1.8,1.47,2.1,1.6400000000000001,1.9000000000000001
Emilia-Romagna,2020-03-21 17:00:00,1.6400000000000001,1.32,1.93,1.5,1.75
Emilia-Romagna,2020-03-22 17:00:00,1.44,1.1300000000000001,1.73,1.28,1.53
Emilia-Romagna,2020-03-23 17:00:00,1.25,0.92,1.52,1.08,1.33
Emilia-Romagna,2020-03-24 17:00:00,1.08,0.75,1.35,0.91,1.16
Emilia-Romagna,2020-03-25 17:00:00,0.98,0.66,1.26,0.8200000000000001,1.07
Emilia-Romagna,2020-03-26 17:00:00,0.91,0.5700000000000001,1.18,0.76,1.01
Emilia-Romagna,2020-03-27 17:00:00,0.77,0.42,1.04,0.59,0.85
Emilia-Romagna,2020-03-28 17:00:00,0.71,0.36,0.99,0.54,0.8
Emilia-Romagna,2020-03-29 17:00:00,0.63,0.29,0.93,0.44,0.71
Emilia-Romagna,2020-03-30 17:00:00,0.59,0.25,0.9,0.42,0.6900000000000001
Emilia-Romagna,2020-03-31 17:00:00,0.65,0.28,0.9500000000000001,0.46,0.74
Emilia-Romagna,2020-04-01 17:00:00,0.77,0.39,1.07,0.59,0.87
Emilia-Romagna,2020-04-02 17:00:00,0.86,0.49,1.17,0.68,0.96
Emilia-Romagna,2020-04-03 17:00:00,0.93,0.55,1.23,0.75,1.03
Emilia-Romagna,2020-04-04 17:00:00,0.76,0.39,1.07,0.59,0.87
Emilia-Romagna,2020-04-05 17:00:00,0.58,0.21,0.9,0.38,0.67
Emilia-Romagna,2020-04-06 17:00:00,0.5,0.12,0.8200000000000001,0.29,0.59
Emilia-Romagna,2020-04-07 17:00:00,0.48,0.11,0.8200000000000001,0.3,0.6
Emilia-Romagna,2020-04-08 17:00:00,0.62,0.22,0.97,0.44,0.75
Emilia-Romagna,2020-04-09 17:00:00,0.85,0.43,1.19,0.67,0.98
Emilia-Romagna,2020-04-10 17:00:00,0.98,0.5700000000000001,1.32,0.78,1.09
Emilia-Romagna,2020-04-11 17:00:00,1.0,0.61,1.35,0.79,1.1
Emilia-Romagna,2020-04-12 17:00:00,0.8200000000000001,0.41000000000000003,1.16,0.62,0.93
Emilia-Romagna,2020-04-13 17:00:00,0.72,0.3,1.06,0.55,0.86
Emilia-Romagna,2020-04-14 17:00:00,0.66,0.26,1.03,0.46,0.78
Emilia-Romagna,2020-04-15 17:00:00,0.7000000000000001,0.27,1.06,0.48,0.81
Emilia-Romagna,2020-04-16 17:00:00,0.8300000000000001,0.39,1.19,0.62,0.9500000000000001
Emilia-Romagna,2020-04-17 17:00:00,0.92,0.52,1.31,0.71,1.04
Emilia-Romagna,2020-04-18 17:00:00,0.88,0.47000000000000003,1.26,0.67,1.0
Emilia-Romagna,2020-04-19 17:00:00,0.84,0.41000000000000003,1.21,0.63,0.96
Emilia-Romagna,2020-04-20 17:00:00,0.72,0.28,1.09,0.49,0.8300000000000001
Emilia-Romagna,2020-04-21 17:00:00,0.6900000000000001,0.26,1.08,0.49,0.8300000000000001
Emilia-Romagna,2020-04-22 17:00:00,0.6900000000000001,0.23,1.07,0.46,0.81
Emilia-Romagna,2020-04-23 17:00:00,0.7000000000000001,0.24,1.09,0.49,0.84
Emilia-Romagna,2020-04-24 17:00:00,0.73,0.27,1.1300000000000001,0.5,0.86
Emilia-Romagna,2020-04-25 17:00:00,0.78,0.31,1.18,0.55,0.91
Friuli Venezia Giulia,2020-03-10 18:00:00,3.0,0.86,6.84,1.86,4.2700000000000005
Friuli Venezia Giulia,2020-03-11 17:00:00,2.71,1.25,4.19,2.04,3.27
Friuli Venezia Giulia,2020-03-12 17:00:00,2.52,1.34,3.61,1.99,2.93
Friuli Venezia Giulia,2020-03-13 17:00:00,2.27,1.29,3.19,1.79,2.58
Friuli Venezia Giulia,2020-03-14 17:00:00,1.92,1.03,2.72,1.49,2.19
Friuli Venezia Giulia,2020-03-15 17:00:00,1.67,0.84,2.42,1.29,1.94
Friuli Venezia Giulia,2020-03-16 17:00:00,1.62,0.81,2.33,1.22,1.85
Friuli Venezia Giulia,2020-03-17 17:00:00,1.6,0.8200000000000001,2.29,1.28,1.8800000000000001
Friuli Venezia Giulia,2020-03-18 17:00:00,1.87,1.1300000000000001,2.54,1.53,2.11
Friuli Venezia Giulia,2020-03-19 17:00:00,1.96,1.24,2.58,1.6400000000000001,2.19
Friuli Venezia Giulia,2020-03-20 17:00:00,1.86,1.19,2.46,1.58,2.1
Friuli Venezia Giulia,2020-03-21 17:00:00,1.67,1.01,2.24,1.35,1.86
Friuli Venezia Giulia,2020-03-22 17:00:00,1.5,0.87,2.07,1.18,1.68
Friuli Venezia Giulia,2020-03-23 17:00:00,1.32,0.7000000000000001,1.8900000000000001,1.03,1.52
Friuli Venezia Giulia,2020-03-24 17:00:00,1.3,0.67,1.86,1.01,1.5
Friuli Venezia Giulia,2020-03-25 17:00:00,1.3,0.68,1.86,0.99,1.48
Friuli Venezia Giulia,2020-03-26 17:00:00,1.24,0.64,1.81,0.98,1.46
Friuli Venezia Giulia,2020-03-27 17:00:00,1.09,0.48,1.6500000000000001,0.8300000000000001,1.31
Friuli Venezia Giulia,2020-03-28 17:00:00,0.9400000000000001,0.31,1.49,0.64,1.1300000000000001
Friuli Venezia Giulia,2020-03-29 17:00:00,0.76,0.14,1.3,0.49,0.98
Friuli Venezia Giulia,2020-03-30 17:00:00,0.81,0.14,1.34,0.48,0.99
Friuli Venezia Giulia,2020-03-31 17:00:00,0.91,0.26,1.49,0.5700000000000001,1.09
Friuli Venezia Giulia,2020-04-01 17:00:00,1.07,0.39,1.6400000000000001,0.73,1.25
Friuli Venezia Giulia,2020-04-02 17:00:00,1.17,0.52,1.75,0.85,1.36
Friuli Venezia Giulia,2020-04-03 17:00:00,1.1400000000000001,0.52,1.73,0.84,1.34
Friuli Venezia Giulia,2020-04-04 17:00:00,0.96,0.33,1.53,0.65,1.1500000000000001
Friuli Venezia Giulia,2020-04-05 17:00:00,0.81,0.16,1.35,0.51,1.01
Friuli Venezia Giulia,2020-04-06 17:00:00,0.7000000000000001,0.06,1.22,0.36,0.87
Friuli Venezia Giulia,2020-04-07 17:00:00,0.66,0.05,1.2,0.34,0.85
Friuli Venezia Giulia,2020-04-08 17:00:00,0.64,0.02,1.18,0.3,0.8200000000000001
Friuli Venezia Giulia,2020-04-09 17:00:00,0.65,0.02,1.2,0.38,0.9
Friuli Venezia Giulia,2020-04-10 17:00:00,0.63,0.03,1.2,0.28,0.81
Friuli Venezia Giulia,2020-04-11 17:00:00,0.58,0.0,1.1500000000000001,0.27,0.79
Friuli Venezia Giulia,2020-04-12 17:00:00,0.46,0.0,1.08,0.15,0.65
Friuli Venezia Giulia,2020-04-13 17:00:00,0.47000000000000003,0.0,1.1,0.15,0.66
Friuli Venezia Giulia,2020-04-14 17:00:00,0.58,0.01,1.2,0.26,0.8
Friuli Venezia Giulia,2020-04-15 17:00:00,0.74,0.07,1.37,0.37,0.9500000000000001
Friuli Venezia Giulia,2020-04-16 17:00:00,0.81,0.12,1.46,0.44,1.03
Friuli Venezia Giulia,2020-04-17 17:00:00,0.81,0.11,1.45,0.44,1.03
Friuli Venezia Giulia,2020-04-18 17:00:00,0.6900000000000001,0.02,1.29,0.35000000000000003,0.92
Friuli Venezia Giulia,2020-04-19 17:00:00,0.52,0.0,1.17,0.2,0.74
Friuli Venezia Giulia,2020-04-20 17:00:00,0.37,0.0,1.08,0.12,0.61
Friuli Venezia Giulia,2020-04-21 17:00:00,0.35000000000000003,0.0,1.06,0.09,0.5700000000000001
Friuli Venezia Giulia,2020-04-22 17:00:00,0.38,0.0,1.1,0.09,0.59
Friuli Venezia Giulia,2020-04-23 17:00:00,0.46,0.0,1.19,0.17,0.71
Friuli Venezia Giulia,2020-04-24 17:00:00,0.51,0.0,1.24,0.17,0.74
Friuli Venezia Giulia,2020-04-25 17:00:00,0.56,0.0,1.29,0.21,0.8
Lazio,2020-03-10 18:00:00,3.0,0.86,6.84,1.86,4.2700000000000005
Lazio,2020-03-11 17:00:00,3.29,1.69,4.8,2.5300000000000002,3.83
Lazio,2020-03-12 17:00:00,3.17,1.97,4.24,2.61,3.5500000000000003
Lazio,2020-03-13 17:00:00,2.89,1.92,3.74,2.44,3.19
Lazio,2020-03-14 17:00:00,2.59,1.76,3.3200000000000003,2.22,2.86
Lazio,2020-03-15 17:00:00,2.34,1.6,3.0,1.98,2.56
Lazio,2020-03-16 17:00:00,2.09,1.4000000000000001,2.7,1.75,2.29
Lazio,2020-03-17 17:00:00,2.0100000000000002,1.37,2.6,1.7,2.21
Lazio,2020-03-18 17:00:00,2.0100000000000002,1.41,2.58,1.75,2.23
Lazio,2020-03-19 17:00:00,2.04,1.45,2.57,1.77,2.23
Lazio,2020-03-20 17:00:00,1.98,1.4000000000000001,2.47,1.71,2.15
Lazio,2020-03-21 17:00:00,1.87,1.31,2.34,1.6300000000000001,2.05
Lazio,2020-03-22 17:00:00,1.69,1.1500000000000001,2.15,1.44,1.85
Lazio,2020-03-23 17:00:00,1.54,1.01,1.99,1.32,1.72
Lazio,2020-03-24 17:00:00,1.3800000000000001,0.85,1.82,1.1300000000000001,1.53
Lazio,2020-03-25 17:00:00,1.3,0.8,1.76,1.05,1.45
Lazio,2020-03-26 17:00:00,1.26,0.75,1.71,1.0,1.4000000000000001
Lazio,2020-03-27 17:00:00,1.26,0.76,1.71,1.03,1.42
Lazio,2020-03-28 17:00:00,1.2,0.71,1.6500000000000001,0.96,1.35
Lazio,2020-03-29 17:00:00,1.1300000000000001,0.63,1.57,0.88,1.27
Lazio,2020-03-30 17:00:00,1.02,0.53,1.47,0.77,1.16
Lazio,2020-03-31 17:00:00,0.93,0.42,1.37,0.7000000000000001,1.09
Lazio,2020-04-01 17:00:00,0.85,0.34,1.3,0.6,1.0
Lazio,2020-04-02 17:00:00,0.77,0.26,1.23,0.55,0.9500000000000001
Lazio,2020-04-03 17:00:00,0.74,0.22,1.2,0.48,0.89
Lazio,2020-04-04 17:00:00,0.6900000000000001,0.15,1.1400000000000001,0.42,0.84
Lazio,2020-04-05 17:00:00,0.66,0.15,1.1400000000000001,0.42,0.84
Lazio,2020-04-06 17:00:00,0.68,0.14,1.1500000000000001,0.42,0.85
Lazio,2020-04-07 17:00:00,0.74,0.17,1.21,0.45,0.89
Lazio,2020-04-08 17:00:00,0.8200000000000001,0.25,1.31,0.56,1.0
Lazio,2020-04-09 17:00:00,0.92,0.36,1.42,0.64,1.08
Lazio,2020-04-10 17:00:00,0.92,0.35000000000000003,1.41,0.64,1.08
Lazio,2020-04-11 17:00:00,0.9400000000000001,0.37,1.43,0.66,1.1
Lazio,2020-04-12 17:00:00,0.9,0.32,1.3800000000000001,0.62,1.06
Lazio,2020-04-13 17:00:00,0.9,0.33,1.3900000000000001,0.62,1.06
Lazio,2020-04-14 17:00:00,0.92,0.34,1.41,0.66,1.1
Lazio,2020-04-15 17:00:00,0.97,0.39,1.46,0.71,1.1500000000000001
Lazio,2020-04-16 17:00:00,0.98,0.44,1.5,0.71,1.1500000000000001
Lazio,2020-04-17 17:00:00,0.88,0.33,1.3900000000000001,0.61,1.05
Lazio,2020-04-18 17:00:00,0.74,0.16,1.22,0.51,0.9500000000000001
Lazio,2020-04-19 17:00:00,0.58,0.05,1.05,0.31,0.75
Lazio,2020-04-20 17:00:00,0.42,0.0,0.92,0.17,0.59
Lazio,2020-04-21 17:00:00,0.36,0.0,0.89,0.1,0.51
Lazio,2020-04-22 17:00:00,0.42,0.0,0.9500000000000001,0.17,0.6
Lazio,2020-04-23 17:00:00,0.5700000000000001,0.01,1.09,0.27,0.75
Lazio,2020-04-24 17:00:00,0.71,0.08,1.24,0.41000000000000003,0.91
Lazio,2020-04-25 17:00:00,0.79,0.18,1.37,0.48,0.99
Liguria,2020-03-09 18:00:00,3.0,0.86,6.84,1.86,4.2700000000000005
Liguria,2020-03-10 18:00:00,2.9,1.48,4.32,2.21,3.4
Liguria,2020-03-11 17:00:00,2.87,1.77,3.9,2.37,3.25
Liguria,2020-03-12 17:00:00,2.75,1.84,3.5700000000000003,2.36,3.0700000000000003
Liguria,2020-03-13 17:00:00,2.52,1.73,3.22,2.19,2.8000000000000003
Liguria,2020-03-14 17:00:00,2.31,1.6,2.94,1.99,2.54
Liguria,2020-03-15 17:00:00,2.09,1.44,2.68,1.8,2.31
Liguria,2020-03-16 17:00:00,1.94,1.32,2.5,1.6300000000000001,2.12
Liguria,2020-03-17 17:00:00,1.84,1.22,2.36,1.55,2.02
Liguria,2020-03-18 17:00:00,1.84,1.24,2.34,1.58,2.0300000000000002
Liguria,2020-03-19 17:00:00,1.8800000000000001,1.3,2.36,1.59,2.0300000000000002
Liguria,2020-03-20 17:00:00,1.92,1.3900000000000001,2.4,1.6600000000000001,2.08
Liguria,2020-03-21 17:00:00,1.86,1.34,2.31,1.62,2.02
Liguria,2020-03-22 17:00:00,1.71,1.21,2.15,1.46,1.85
Liguria,2020-03-23 17:00:00,1.54,1.05,1.97,1.3,1.68
Liguria,2020-03-24 17:00:00,1.3,0.8300000000000001,1.74,1.06,1.44
Liguria,2020-03-25 17:00:00,1.07,0.5700000000000001,1.49,0.8300000000000001,1.21
Liguria,2020-03-26 17:00:00,0.9500000000000001,0.46,1.3900000000000001,0.76,1.1400000000000001
Liguria,2020-03-27 17:00:00,0.8300000000000001,0.31,1.26,0.59,0.98
Liguria,2020-03-28 17:00:00,0.84,0.34,1.3,0.59,0.99
Liguria,2020-03-29 17:00:00,0.9400000000000001,0.42,1.3900000000000001,0.7000000000000001,1.1
Liguria,2020-03-30 17:00:00,0.9500000000000001,0.43,1.4000000000000001,0.7000000000000001,1.1
Liguria,2020-03-31 17:00:00,1.01,0.49,1.46,0.76,1.16
Liguria,2020-04-01 17:00:00,1.06,0.56,1.52,0.8,1.2
Liguria,2020-04-02 17:00:00,1.05,0.53,1.49,0.78,1.18
Liguria,2020-04-03 17:00:00,1.04,0.52,1.48,0.8300000000000001,1.22
Liguria,2020-04-04 17:00:00,1.04,0.54,1.49,0.8200000000000001,1.21
Liguria,2020-04-05 17:00:00,0.96,0.46,1.41,0.74,1.1300000000000001
Liguria,2020-04-06 17:00:00,0.87,0.36,1.32,0.61,1.01
Liguria,2020-04-07 17:00:00,0.76,0.24,1.21,0.53,0.93
Liguria,2020-04-08 17:00:00,0.72,0.18,1.16,0.46,0.87
Liguria,2020-04-09 17:00:00,0.7000000000000001,0.17,1.16,0.43,0.85
Liguria,2020-04-10 17:00:00,0.77,0.21,1.23,0.54,0.96
Liguria,2020-04-11 17:00:00,0.81,0.24,1.27,0.53,0.96
Liguria,2020-04-12 17:00:00,0.8300000000000001,0.29,1.32,0.56,0.99
Liguria,2020-04-13 17:00:00,0.85,0.29,1.33,0.59,1.02
Liguria,2020-04-14 17:00:00,0.85,0.3,1.34,0.6,1.03
Liguria,2020-04-15 17:00:00,0.8200000000000001,0.29,1.33,0.59,1.02
Liguria,2020-04-16 17:00:00,0.93,0.35000000000000003,1.41,0.64,1.08
Liguria,2020-04-17 17:00:00,1.0,0.45,1.5,0.77,1.2
Liguria,2020-04-18 17:00:00,0.99,0.41000000000000003,1.46,0.73,1.16
Liguria,2020-04-19 17:00:00,1.05,0.5,1.54,0.78,1.21
Liguria,2020-04-20 17:00:00,1.02,0.45,1.49,0.74,1.17
Liguria,2020-04-21 17:00:00,0.91,0.35000000000000003,1.3900000000000001,0.64,1.07
Liguria,2020-04-22 17:00:00,0.88,0.3,1.35,0.63,1.06
Liguria,2020-04-23 17:00:00,0.8200000000000001,0.27,1.32,0.54,0.98
Liguria,2020-04-24 17:00:00,0.85,0.27,1.34,0.6,1.04
Liguria,2020-04-25 17:00:00,0.91,0.35000000000000003,1.42,0.67,1.11
Lombardia,2020-02-24 18:00:00,3.0,0.86,6.84,1.86,4.2700000000000005
Lombardia,2020-02-25 18:00:00,2.29,1.21,3.38,1.74,2.65
Lombardia,2020-02-26 18:00:00,2.02,1.1400000000000001,2.8000000000000003,1.59,2.2800000000000002
Lombardia,2020-02-27 18:00:00,2.44,1.69,3.1,2.1,2.68
Lombardia,2020-02-28 18:00:00,2.58,1.95,3.16,2.2800000000000002,2.7800000000000002
Lombardia,2020-02-29 17:00:00,2.64,2.08,3.15,2.38,2.82
Lombardia,2020-03-01 17:00:00,2.56,2.04,3.0100000000000002,2.32,2.72
Lombardia,2020-03-02 18:00:00,2.37,1.8800000000000001,2.7800000000000002,2.14,2.5100000000000002
Lombardia,2020-03-03 18:00:00,2.13,1.68,2.5300000000000002,1.92,2.27
Lombardia,2020-03-04 17:00:00,2.2,1.76,2.57,2.02,2.35
Lombardia,2020-03-05 17:00:00,2.22,1.82,2.58,2.0,2.32
Lombardia,2020-03-06 17:00:00,2.5300000000000002,2.15,2.86,2.37,2.66
Lombardia,2020-03-07 18:00:00,2.29,1.93,2.59,2.13,2.4
Lombardia,2020-03-08 18:00:00,2.2800000000000002,1.94,2.56,2.1,2.36
Lombardia,2020-03-09 18:00:00,2.12,1.83,2.41,1.98,2.22
Lombardia,2020-03-10 18:00:00,1.92,1.62,2.18,1.78,2.0100000000000002
Lombardia,2020-03-11 17:00:00,1.8900000000000001,1.59,2.13,1.75,1.97
Lombardia,2020-03-12 17:00:00,1.82,1.56,2.07,1.7,1.9100000000000001
Lombardia,2020-03-13 17:00:00,1.62,1.34,1.84,1.47,1.68
Lombardia,2020-03-14 17:00:00,1.56,1.29,1.78,1.43,1.6300000000000001
Lombardia,2020-03-15 17:00:00,1.25,0.98,1.46,1.11,1.31
Lombardia,2020-03-16 17:00:00,1.24,0.97,1.45,1.1,1.3
Lombardia,2020-03-17 17:00:00,1.3900000000000001,1.1300000000000001,1.6,1.25,1.45
Lombardia,2020-03-18 17:00:00,1.6400000000000001,1.4000000000000001,1.85,1.51,1.7
Lombardia,2020-03-19 17:00:00,1.6600000000000001,1.43,1.86,1.54,1.72
Lombardia,2020-03-20 17:00:00,1.49,1.27,1.69,1.36,1.54
Lombardia,2020-03-21 17:00:00,1.19,0.96,1.3800000000000001,1.09,1.26
Lombardia,2020-03-22 17:00:00,0.84,0.62,1.04,0.71,0.89
Lombardia,2020-03-23 17:00:00,0.72,0.49,0.92,0.6,0.78
Lombardia,2020-03-24 17:00:00,0.8300000000000001,0.59,1.03,0.72,0.9
Lombardia,2020-03-25 17:00:00,0.99,0.74,1.18,0.87,1.05
Lombardia,2020-03-26 17:00:00,1.19,0.9500000000000001,1.3800000000000001,1.06,1.24
Lombardia,2020-03-27 17:00:00,1.0,0.76,1.19,0.87,1.05
Lombardia,2020-03-28 17:00:00,0.61,0.37,0.81,0.51,0.6900000000000001
Lombardia,2020-03-29 17:00:00,0.39,0.13,0.59,0.26,0.45
Lombardia,2020-03-30 17:00:00,0.17,0.0,0.38,0.04,0.22
Lombardia,2020-03-31 17:00:00,0.31,0.04,0.52,0.19,0.39
Lombardia,2020-04-01 17:00:00,0.67,0.39,0.9,0.54,0.75
Lombardia,2020-04-02 17:00:00,0.97,0.68,1.19,0.8300000000000001,1.04
Lombardia,2020-04-03 17:00:00,1.05,0.77,1.27,0.9,1.11
Lombardia,2020-04-04 17:00:00,0.88,0.61,1.11,0.74,0.9500000000000001
Lombardia,2020-04-05 17:00:00,0.65,0.37,0.88,0.52,0.73
Lombardia,2020-04-06 17:00:00,0.62,0.32,0.85,0.47000000000000003,0.6900000000000001
Lombardia,2020-04-07 17:00:00,0.67,0.36,0.9,0.53,0.75
Lombardia,2020-04-08 17:00:00,0.93,0.63,1.17,0.8,1.02
Lombardia,2020-04-09 17:00:00,1.23,0.9400000000000001,1.47,1.09,1.31
Lombardia,2020-04-10 17:00:00,1.36,1.09,1.6,1.24,1.45
Lombardia,2020-04-11 17:00:00,1.25,0.97,1.48,1.12,1.33
Lombardia,2020-04-12 17:00:00,0.9500000000000001,0.67,1.18,0.8200000000000001,1.03
Lombardia,2020-04-13 17:00:00,0.66,0.37,0.89,0.5,0.72
Lombardia,2020-04-14 17:00:00,0.52,0.25,0.78,0.39,0.61
Lombardia,2020-04-15 17:00:00,0.53,0.24,0.79,0.38,0.61
Lombardia,2020-04-16 17:00:00,0.65,0.35000000000000003,0.91,0.51,0.74
Lombardia,2020-04-17 17:00:00,0.77,0.46,1.03,0.6,0.84
Lombardia,2020-04-18 17:00:00,0.87,0.55,1.12,0.7000000000000001,0.9400000000000001
Lombardia,2020-04-19 17:00:00,0.93,0.61,1.18,0.76,1.0
Lombardia,2020-04-20 17:00:00,0.96,0.64,1.21,0.79,1.03
Lombardia,2020-04-21 17:00:00,1.05,0.74,1.31,0.88,1.12
Lombardia,2020-04-22 17:00:00,1.03,0.74,1.3,0.9,1.1300000000000001
Lombardia,2020-04-23 17:00:00,1.07,0.77,1.33,0.9400000000000001,1.17
Lombardia,2020-04-24 17:00:00,1.0,0.7000000000000001,1.26,0.86,1.09
Lombardia,2020-04-25 17:00:00,0.86,0.54,1.11,0.73,0.96
Marche,2020-03-04 17:00:00,3.0,0.86,6.84,1.86,4.2700000000000005
Marche,2020-03-05 17:00:00,2.71,1.25,4.19,2.04,3.27
Marche,2020-03-06 17:00:00,2.45,1.29,3.5500000000000003,1.9000000000000001,2.84
Marche,2020-03-07 18:00:00,2.33,1.34,3.25,1.87,2.66
Marche,2020-03-08 18:00:00,2.2600000000000002,1.36,3.0500000000000003,1.82,2.52
Marche,2020-03-09 18:00:00,2.19,1.3800000000000001,2.91,1.82,2.45
Marche,2020-03-10 18:00:00,2.19,1.44,2.85,1.85,2.43
Marche,2020-03-11 17:00:00,2.25,1.54,2.85,1.92,2.46
Marche,2020-03-12 17:00:00,2.36,1.72,2.93,2.05,2.5500000000000003
Marche,2020-03-13 17:00:00,2.27,1.6600000000000001,2.79,2.0300000000000002,2.49
Marche,2020-03-14 17:00:00,2.07,1.49,2.56,1.8,2.24
Marche,2020-03-15 17:00:00,1.85,1.29,2.32,1.61,2.0300000000000002
Marche,2020-03-16 17:00:00,1.6,1.08,2.08,1.3800000000000001,1.79
Marche,2020-03-17 17:00:00,1.48,0.96,1.95,1.23,1.6400000000000001
Marche,2020-03-18 17:00:00,1.4000000000000001,0.9,1.8800000000000001,1.1400000000000001,1.55
Marche,2020-03-19 17:00:00,1.44,0.93,1.9000000000000001,1.2,1.6
Marche,2020-03-20 17:00:00,1.42,0.9,1.86,1.16,1.56
Marche,2020-03-21 17:00:00,1.33,0.84,1.78,1.08,1.47
Marche,2020-03-22 17:00:00,1.18,0.67,1.61,0.93,1.32
Marche,2020-03-23 17:00:00,1.05,0.55,1.49,0.8,1.19
Marche,2020-03-24 17:00:00,0.87,0.36,1.31,0.65,1.04
Marche,2020-03-25 17:00:00,0.8,0.27,1.24,0.55,0.9500000000000001
Marche,2020-03-26 17:00:00,0.74,0.21,1.19,0.48,0.89
Marche,2020-03-27 17:00:00,0.76,0.22,1.22,0.49,0.91
Marche,2020-03-28 17:00:00,0.78,0.23,1.24,0.52,0.9400000000000001
Marche,2020-03-29 17:00:00,0.78,0.23,1.25,0.56,0.98
Marche,2020-03-30 17:00:00,0.8,0.24,1.27,0.53,0.96
Marche,2020-03-31 17:00:00,0.8300000000000001,0.26,1.3,0.5700000000000001,1.0
Marche,2020-04-01 17:00:00,0.78,0.21,1.25,0.53,0.96
Marche,2020-04-02 17:00:00,0.75,0.19,1.23,0.47000000000000003,0.91
Marche,2020-04-03 17:00:00,0.8,0.23,1.29,0.55,0.99
Marche,2020-04-04 17:00:00,0.79,0.2,1.27,0.5,0.9500000000000001
Marche,2020-04-05 17:00:00,0.84,0.26,1.34,0.56,1.01
Marche,2020-04-06 17:00:00,0.85,0.29,1.37,0.58,1.03
Marche,2020-04-07 17:00:00,0.88,0.29,1.3800000000000001,0.61,1.06
Marche,2020-04-08 17:00:00,0.91,0.33,1.42,0.65,1.1
Marche,2020-04-09 17:00:00,0.88,0.31,1.4000000000000001,0.63,1.08
Marche,2020-04-10 17:00:00,0.8200000000000001,0.24,1.33,0.52,0.98
Marche,2020-04-11 17:00:00,0.73,0.16,1.24,0.44,0.9
Marche,2020-04-12 17:00:00,0.58,0.01,1.04,0.33,0.78
Marche,2020-04-13 17:00:00,0.47000000000000003,0.0,0.97,0.2,0.64
Marche,2020-04-14 17:00:00,0.42,0.0,0.9500000000000001,0.14,0.58
Marche,2020-04-15 17:00:00,0.42,0.0,0.96,0.16,0.6
Marche,2020-04-16 17:00:00,0.48,0.01,1.03,0.23,0.6900000000000001
Marche,2020-04-17 17:00:00,0.51,0.0,1.05,0.2,0.68
Marche,2020-04-18 17:00:00,0.53,0.0,1.08,0.21,0.7000000000000001
Marche,2020-04-19 17:00:00,0.46,0.0,1.03,0.2,0.67
Marche,2020-04-20 17:00:00,0.39,0.0,0.99,0.1,0.56
Marche,2020-04-21 17:00:00,0.43,0.0,1.04,0.17,0.64
Marche,2020-04-22 17:00:00,0.46,0.0,1.07,0.16,0.65
Marche,2020-04-23 17:00:00,0.51,0.0,1.12,0.2,0.71
Marche,2020-04-24 17:00:00,0.58,0.0,1.19,0.23,0.77
Marche,2020-04-25 17:00:00,0.62,0.03,1.24,0.27,0.8200000000000001
Molise,2020-03-26 17:00:00,3.0,0.86,6.84,1.86,4.2700000000000005
Molise,2020-03-27 17:00:00,2.2800000000000002,0.8,4.19,1.57,2.99
Molise,2020-03-28 17:00:00,1.9000000000000001,0.65,3.42,1.26,2.42
Molise,2020-03-29 17:00:00,1.78,0.6,3.15,1.24,2.3000000000000003
Molise,2020-03-30 17:00:00,1.61,0.44,2.83,1.08,2.07
Molise,2020-03-31 17:00:00,1.55,0.4,2.72,0.98,1.95
Molise,2020-04-01 17:00:00,1.6500000000000001,0.47000000000000003,2.79,1.12,2.08
Molise,2020-04-02 17:00:00,1.72,0.55,2.83,1.2,2.14
Molise,2020-04-03 17:00:00,1.69,0.56,2.77,1.2,2.11
Molise,2020-04-04 17:00:00,1.61,0.52,2.66,1.07,1.96
Molise,2020-04-05 17:00:00,1.41,0.31,2.38,0.89,1.76
Molise,2020-04-06 17:00:00,1.2,0.1,2.07,0.73,1.58
Molise,2020-04-07 17:00:00,1.05,0.03,1.9100000000000001,0.52,1.37
Molise,2020-04-08 17:00:00,0.9,0.0,1.79,0.39,1.22
Molise,2020-04-09 17:00:00,0.88,0.0,1.8,0.37,1.21
Molise,2020-04-10 17:00:00,0.9500000000000001,0.0,1.8800000000000001,0.43,1.3
Molise,2020-04-11 17:00:00,0.9400000000000001,0.0,1.8900000000000001,0.36,1.24
Molise,2020-04-12 17:00:00,0.8200000000000001,0.0,1.83,0.26,1.12
Molise,2020-04-13 17:00:00,0.68,0.0,1.78,0.2,1.03
Molise,2020-04-14 17:00:00,0.52,0.0,1.73,0.14,0.9400000000000001
Molise,2020-04-15 17:00:00,0.51,0.0,1.76,0.12,0.93
Molise,2020-04-16 17:00:00,0.51,0.0,1.78,0.16,0.97
Molise,2020-04-17 17:00:00,0.63,0.0,1.87,0.2,1.06
Molise,2020-04-18 17:00:00,0.63,0.0,1.8800000000000001,0.16,1.03
Molise,2020-04-19 17:00:00,0.63,0.0,1.8900000000000001,0.18,1.05
Molise,2020-04-20 17:00:00,0.51,0.0,1.82,0.12,0.9500000000000001
Molise,2020-04-21 17:00:00,0.5,0.0,1.84,0.18,1.01
Molise,2020-04-22 17:00:00,0.44,0.0,1.78,0.13,0.92
Molise,2020-04-23 17:00:00,0.44,0.0,1.8,0.11,0.91
Molise,2020-04-24 17:00:00,0.44,0.0,1.82,0.1,0.91
Molise,2020-04-25 17:00:00,0.52,0.0,1.92,0.13,1.0
P.A. Bolzano,2020-03-11 17:00:00,3.0,0.86,6.84,1.86,4.2700000000000005
P.A. Bolzano,2020-03-12 17:00:00,2.56,1.1400000000000001,4.11,1.86,3.11
P.A. Bolzano,2020-03-13 17:00:00,2.22,1.04,3.36,1.6400000000000001,2.61
P.A. Bolzano,2020-03-14 17:00:00,1.98,0.96,2.96,1.5,2.33
P.A. Bolzano,2020-03-15 17:00:00,1.97,1.01,2.84,1.59,2.34
P.A. Bolzano,2020-03-16 17:00:00,2.0100000000000002,1.12,2.81,1.58,2.2800000000000002
P.A. Bolzano,2020-03-17 17:00:00,2.1,1.26,2.83,1.69,2.34
P.A. Bolzano,2020-03-18 17:00:00,2.08,1.3,2.7600000000000002,1.73,2.33
P.A. Bolzano,2020-03-19 17:00:00,1.98,1.27,2.64,1.62,2.19
P.A. Bolzano,2020-03-20 17:00:00,1.78,1.1,2.41,1.46,2.0
P.A. Bolzano,2020-03-21 17:00:00,1.52,0.85,2.13,1.2,1.73
P.A. Bolzano,2020-03-22 17:00:00,1.3,0.64,1.9100000000000001,0.96,1.49
P.A. Bolzano,2020-03-23 17:00:00,1.1500000000000001,0.47000000000000003,1.75,0.8200000000000001,1.35
P.A. Bolzano,2020-03-24 17:00:00,1.08,0.39,1.68,0.78,1.31
P.A. Bolzano,2020-03-25 17:00:00,1.19,0.51,1.81,0.85,1.3900000000000001
P.A. Bolzano,2020-03-26 17:00:00,1.35,0.66,1.95,1.03,1.56
P.A. Bolzano,2020-03-27 17:00:00,1.47,0.8,2.06,1.1500000000000001,1.67
P.A. Bolzano,2020-03-28 17:00:00,1.45,0.8300000000000001,2.05,1.12,1.6300000000000001
P.A. Bolzano,2020-03-29 17:00:00,1.3,0.68,1.8800000000000001,0.98,1.48
P.A. Bolzano,2020-03-30 17:00:00,1.1300000000000001,0.49,1.69,0.87,1.36
P.A. Bolzano,2020-03-31 17:00:00,0.93,0.29,1.49,0.62,1.12
P.A. Bolzano,2020-04-01 17:00:00,0.74,0.12,1.29,0.46,0.96
P.A. Bolzano,2020-04-02 17:00:00,0.65,0.02,1.17,0.32,0.8300000000000001
P.A. Bolzano,2020-04-03 17:00:00,0.66,0.03,1.2,0.33,0.85
P.A. Bolzano,2020-04-04 17:00:00,0.79,0.13,1.3800000000000001,0.48,1.02
P.A. Bolzano,2020-04-05 17:00:00,0.85,0.14,1.43,0.51,1.06
P.A. Bolzano,2020-04-06 17:00:00,0.9,0.18,1.49,0.59,1.1400000000000001
P.A. Bolzano,2020-04-07 17:00:00,0.87,0.15,1.45,0.55,1.1
P.A. Bolzano,2020-04-08 17:00:00,0.79,0.1,1.37,0.46,1.01
P.A. Bolzano,2020-04-09 17:00:00,0.8200000000000001,0.14,1.43,0.47000000000000003,1.03
P.A. Bolzano,2020-04-10 17:00:00,0.85,0.14,1.45,0.52,1.08
P.A. Bolzano,2020-04-11 17:00:00,0.9,0.18,1.51,0.53,1.1
P.A. Bolzano,2020-04-12 17:00:00,0.99,0.27,1.62,0.63,1.2
P.A. Bolzano,2020-04-13 17:00:00,0.92,0.19,1.52,0.59,1.1500000000000001
P.A. Bolzano,2020-04-14 17:00:00,0.78,0.07,1.35,0.42,0.98
P.A. Bolzano,2020-04-15 17:00:00,0.67,0.0,1.23,0.33,0.88
P.A. Bolzano,2020-04-16 17:00:00,0.46,0.0,1.1,0.14,0.65
P.A. Bolzano,2020-04-17 17:00:00,0.45,0.0,1.12,0.17,0.68
P.A. Bolzano,2020-04-18 17:00:00,0.45,0.0,1.1300000000000001,0.14,0.66
P.A. Bolzano,2020-04-19 17:00:00,0.36,0.0,1.06,0.12,0.6
P.A. Bolzano,2020-04-20 17:00:00,0.32,0.0,1.03,0.07,0.53
P.A. Bolzano,2020-04-21 17:00:00,0.27,0.0,0.97,0.01,0.44
P.A. Bolzano,2020-04-22 17:00:00,0.29,0.0,0.99,0.06,0.49
P.A. Bolzano,2020-04-23 17:00:00,0.29,0.0,1.0,0.04,0.48
P.A. Bolzano,2020-04-24 17:00:00,0.35000000000000003,0.0,1.1,0.06,0.55
P.A. Bolzano,2020-04-25 17:00:00,0.41000000000000003,0.0,1.19,0.13,0.66
P.A. Trento,2020-03-11 17:00:00,3.0,0.86,6.84,1.86,4.2700000000000005
P.A. Trento,2020-03-12 17:00:00,3.98,2.32,5.49,3.29,4.6000000000000005
P.A. Trento,2020-03-13 17:00:00,3.17,2.0100000000000002,4.21,2.63,3.54
P.A. Trento,2020-03-14 17:00:00,2.62,1.6600000000000001,3.45,2.17,2.91
P.A. Trento,2020-03-15 17:00:00,2.19,1.3800000000000001,2.95,1.8,2.45
P.A. Trento,2020-03-16 17:00:00,1.79,1.03,2.49,1.46,2.06
P.A. Trento,2020-03-17 17:00:00,1.61,0.86,2.27,1.27,1.85
P.A. Trento,2020-03-18 17:00:00,1.7,0.97,2.34,1.3900000000000001,1.95
P.A. Trento,2020-03-19 17:00:00,1.8800000000000001,1.21,2.52,1.57,2.11
P.A. Trento,2020-03-20 17:00:00,2.06,1.3900000000000001,2.64,1.78,2.29
P.A. Trento,2020-03-21 17:00:00,2.0,1.36,2.54,1.68,2.17
P.A. Trento,2020-03-22 17:00:00,1.74,1.1400000000000001,2.27,1.44,1.9100000000000001
P.A. Trento,2020-03-23 17:00:00,1.43,0.85,1.96,1.1500000000000001,1.61
P.A. Trento,2020-03-24 17:00:00,1.17,0.56,1.68,0.89,1.35
P.A. Trento,2020-03-25 17:00:00,1.05,0.44,1.57,0.74,1.21
P.A. Trento,2020-03-26 17:00:00,0.97,0.38,1.52,0.7000000000000001,1.17
P.A. Trento,2020-03-27 17:00:00,1.01,0.39,1.55,0.71,1.19
P.A. Trento,2020-03-28 17:00:00,0.97,0.33,1.5,0.6900000000000001,1.17
P.A. Trento,2020-03-29 17:00:00,0.96,0.34,1.51,0.64,1.1300000000000001
P.A. Trento,2020-03-30 17:00:00,1.02,0.39,1.57,0.71,1.2
P.A. Trento,2020-03-31 17:00:00,1.09,0.44,1.62,0.8300000000000001,1.31
P.A. Trento,2020-04-01 17:00:00,1.1500000000000001,0.55,1.71,0.86,1.34
P.A. Trento,2020-04-02 17:00:00,1.1500000000000001,0.54,1.69,0.89,1.36
P.A. Trento,2020-04-03 17:00:00,1.06,0.47000000000000003,1.61,0.78,1.25
P.A. Trento,2020-04-04 17:00:00,0.99,0.36,1.51,0.72,1.19
P.A. Trento,2020-04-05 17:00:00,0.92,0.3,1.45,0.61,1.09
P.A. Trento,2020-04-06 17:00:00,0.9400000000000001,0.32,1.48,0.65,1.1300000000000001
P.A. Trento,2020-04-07 17:00:00,1.04,0.4,1.57,0.75,1.23
P.A. Trento,2020-04-08 17:00:00,1.19,0.59,1.74,0.87,1.35
P.A. Trento,2020-04-09 17:00:00,1.22,0.63,1.76,0.92,1.3900000000000001
P.A. Trento,2020-04-10 17:00:00,1.1400000000000001,0.55,1.67,0.87,1.33
P.A. Trento,2020-04-11 17:00:00,0.92,0.32,1.44,0.66,1.12
P.A. Trento,2020-04-12 17:00:00,0.72,0.11,1.21,0.42,0.89
P.A. Trento,2020-04-13 17:00:00,0.55,0.02,1.04,0.26,0.72
P.A. Trento,2020-04-14 17:00:00,0.43,0.0,0.96,0.18,0.62
P.A. Trento,2020-04-15 17:00:00,0.41000000000000003,0.0,0.97,0.18,0.62
P.A. Trento,2020-04-16 17:00:00,0.61,0.02,1.1500000000000001,0.31,0.81
P.A. Trento,2020-04-17 17:00:00,0.76,0.14,1.35,0.41000000000000003,0.9400000000000001
P.A. Trento,2020-04-18 17:00:00,0.81,0.13,1.37,0.48,1.01
P.A. Trento,2020-04-19 17:00:00,0.71,0.08,1.27,0.41000000000000003,0.93
P.A. Trento,2020-04-20 17:00:00,0.61,0.02,1.16,0.33,0.84
P.A. Trento,2020-04-21 17:00:00,0.54,0.0,1.11,0.2,0.71
P.A. Trento,2020-04-22 17:00:00,0.55,0.0,1.1300000000000001,0.28,0.79
P.A. Trento,2020-04-23 17:00:00,0.62,0.02,1.21,0.27,0.81
P.A. Trento,2020-04-24 17:00:00,0.77,0.12,1.4000000000000001,0.45,1.01
P.A. Trento,2020-04-25 17:00:00,0.92,0.18,1.53,0.59,1.16
Piemonte,2020-03-05 17:00:00,3.0,0.86,6.84,1.86,4.2700000000000005
Piemonte,2020-03-06 17:00:00,2.87,1.52,4.25,2.23,3.37
Piemonte,2020-03-07 18:00:00,2.7800000000000002,1.7,3.74,2.31,3.15
Piemonte,2020-03-08 18:00:00,2.35,1.49,3.16,1.95,2.64
Piemonte,2020-03-09 18:00:00,1.99,1.2,2.69,1.6600000000000001,2.27
Piemonte,2020-03-10 18:00:00,2.08,1.34,2.72,1.73,2.3000000000000003
Piemonte,2020-03-11 17:00:00,1.95,1.26,2.5500000000000003,1.6400000000000001,2.17
Piemonte,2020-03-12 17:00:00,2.06,1.44,2.65,1.76,2.2600000000000002
Piemonte,2020-03-13 17:00:00,2.45,1.84,2.97,2.15,2.62
Piemonte,2020-03-14 17:00:00,2.59,2.04,3.0700000000000003,2.31,2.74
Piemonte,2020-03-15 17:00:00,2.71,2.2,3.14,2.46,2.85
Piemonte,2020-03-16 17:00:00,2.72,2.29,3.14,2.52,2.87
Piemonte,2020-03-17 17:00:00,2.5,2.07,2.86,2.2800000000000002,2.61
Piemonte,2020-03-18 17:00:00,2.18,1.77,2.52,1.98,2.29
Piemonte,2020-03-19 17:00:00,1.8800000000000001,1.49,2.21,1.68,1.98
Piemonte,2020-03-20 17:00:00,1.53,1.1400000000000001,1.85,1.36,1.6500000000000001
Piemonte,2020-03-21 17:00:00,1.3900000000000001,1.03,1.73,1.21,1.5
Piemonte,2020-03-22 17:00:00,1.29,0.91,1.61,1.1,1.3900000000000001
Piemonte,2020-03-23 17:00:00,1.21,0.8200000000000001,1.52,1.02,1.31
Piemonte,2020-03-24 17:00:00,1.18,0.81,1.5,0.98,1.27
Piemonte,2020-03-25 17:00:00,1.18,0.8,1.49,0.98,1.27
Piemonte,2020-03-26 17:00:00,1.05,0.68,1.37,0.9,1.18
Piemonte,2020-03-27 17:00:00,1.05,0.67,1.36,0.9,1.18
Piemonte,2020-03-28 17:00:00,1.01,0.63,1.32,0.8,1.09
Piemonte,2020-03-29 17:00:00,1.0,0.62,1.31,0.8,1.09
Piemonte,2020-03-30 17:00:00,1.0,0.62,1.31,0.8,1.09
Piemonte,2020-03-31 17:00:00,0.98,0.61,1.3,0.78,1.07
Piemonte,2020-04-01 17:00:00,1.1,0.72,1.41,0.9,1.19
Piemonte,2020-04-02 17:00:00,1.2,0.8300000000000001,1.51,1.03,1.31
Piemonte,2020-04-03 17:00:00,1.26,0.9,1.57,1.07,1.35
Piemonte,2020-04-04 17:00:00,1.16,0.81,1.47,1.01,1.28
Piemonte,2020-04-05 17:00:00,1.03,0.68,1.34,0.88,1.1500000000000001
Piemonte,2020-04-06 17:00:00,0.9,0.53,1.2,0.71,0.99
Piemonte,2020-04-07 17:00:00,0.8,0.43,1.11,0.62,0.9
Piemonte,2020-04-08 17:00:00,0.96,0.6,1.28,0.79,1.07
Piemonte,2020-04-09 17:00:00,1.18,0.8300000000000001,1.5,1.0,1.28
Piemonte,2020-04-10 17:00:00,1.27,0.92,1.58,1.12,1.3900000000000001
Piemonte,2020-04-11 17:00:00,1.24,0.89,1.54,1.06,1.33
Piemonte,2020-04-12 17:00:00,1.03,0.68,1.33,0.86,1.1300000000000001
Piemonte,2020-04-13 17:00:00,0.9500000000000001,0.61,1.26,0.78,1.05
Piemonte,2020-04-14 17:00:00,0.99,0.63,1.29,0.8300000000000001,1.1
Piemonte,2020-04-15 17:00:00,1.01,0.64,1.3,0.84,1.11
Piemonte,2020-04-16 17:00:00,1.1400000000000001,0.79,1.44,0.97,1.24
Piemonte,2020-04-17 17:00:00,1.02,0.67,1.32,0.85,1.12
Piemonte,2020-04-18 17:00:00,0.85,0.51,1.16,0.68,0.9500000000000001
Piemonte,2020-04-19 17:00:00,0.78,0.44,1.1,0.59,0.87
Piemonte,2020-04-20 17:00:00,0.66,0.28,0.96,0.48,0.76
Piemonte,2020-04-21 17:00:00,0.84,0.46,1.1500000000000001,0.68,0.96
Piemonte,2020-04-22 17:00:00,0.99,0.63,1.31,0.8200000000000001,1.1
Piemonte,2020-04-23 17:00:00,1.07,0.7000000000000001,1.3800000000000001,0.9,1.18
Piemonte,2020-04-24 17:00:00,1.1500000000000001,0.79,1.46,0.97,1.25
Piemonte,2020-04-25 17:00:00,1.07,0.7000000000000001,1.37,0.88,1.16
Puglia,2020-03-12 17:00:00,3.0,0.86,6.84,1.86,4.2700000000000005
Puglia,2020-03-13 17:00:00,2.43,1.03,3.95,1.73,2.96
Puglia,2020-03-14 17:00:00,2.5500000000000003,1.33,3.72,2.0300000000000002,3.02
Puglia,2020-03-15 17:00:00,2.38,1.32,3.33,1.9000000000000001,2.73
Puglia,2020-03-16 17:00:00,2.36,1.42,3.19,1.93,2.66
Puglia,2020-03-17 17:00:00,2.36,1.54,3.12,1.99,2.64
Puglia,2020-03-18 17:00:00,2.2600000000000002,1.52,2.96,1.8800000000000001,2.48
Puglia,2020-03-19 17:00:00,2.16,1.45,2.79,1.85,2.4
Puglia,2020-03-20 17:00:00,2.09,1.44,2.7,1.79,2.31
Puglia,2020-03-21 17:00:00,1.87,1.21,2.42,1.55,2.05
Puglia,2020-03-22 17:00:00,1.72,1.1,2.27,1.45,1.93
Puglia,2020-03-23 17:00:00,1.51,0.89,2.04,1.25,1.72
Puglia,2020-03-24 17:00:00,1.41,0.8,1.94,1.12,1.59
Puglia,2020-03-25 17:00:00,1.34,0.74,1.87,1.04,1.51
Puglia,2020-03-26 17:00:00,1.28,0.67,1.8,1.04,1.5
Puglia,2020-03-27 17:00:00,1.31,0.71,1.83,1.03,1.49
Puglia,2020-03-28 17:00:00,1.29,0.6900000000000001,1.8,0.99,1.45
Puglia,2020-03-29 17:00:00,1.27,0.68,1.78,1.01,1.46
Puglia,2020-03-30 17:00:00,1.23,0.64,1.73,0.9500000000000001,1.4000000000000001
Puglia,2020-03-31 17:00:00,1.1300000000000001,0.5700000000000001,1.6500000000000001,0.84,1.29
Puglia,2020-04-01 17:00:00,1.03,0.44,1.53,0.75,1.2
Puglia,2020-04-02 17:00:00,0.92,0.34,1.43,0.65,1.1
Puglia,2020-04-03 17:00:00,0.79,0.23,1.32,0.5,0.96
Puglia,2020-04-04 17:00:00,0.72,0.14,1.23,0.41000000000000003,0.88
Puglia,2020-04-05 17:00:00,0.71,0.13,1.23,0.45,0.92
Puglia,2020-04-06 17:00:00,0.77,0.16,1.3,0.45,0.9400000000000001
Puglia,2020-04-07 17:00:00,0.86,0.23,1.4000000000000001,0.56,1.05
Puglia,2020-04-08 17:00:00,0.93,0.29,1.47,0.63,1.12
Puglia,2020-04-09 17:00:00,0.92,0.28,1.46,0.62,1.11
Puglia,2020-04-10 17:00:00,0.87,0.24,1.41,0.56,1.05
Puglia,2020-04-11 17:00:00,0.8200000000000001,0.18,1.35,0.53,1.02
Puglia,2020-04-12 17:00:00,0.74,0.13,1.28,0.47000000000000003,0.96
Puglia,2020-04-13 17:00:00,0.6900000000000001,0.08,1.22,0.37,0.87
Puglia,2020-04-14 17:00:00,0.64,0.02,1.1500000000000001,0.32,0.8200000000000001
Puglia,2020-04-15 17:00:00,0.66,0.05,1.2,0.33,0.84
Puglia,2020-04-16 17:00:00,0.8200000000000001,0.16,1.3900000000000001,0.48,1.01
Puglia,2020-04-17 17:00:00,0.9,0.21,1.47,0.5700000000000001,1.1
Puglia,2020-04-18 17:00:00,0.96,0.3,1.56,0.62,1.1500000000000001
Puglia,2020-04-19 17:00:00,0.99,0.31,1.57,0.6900000000000001,1.21
Puglia,2020-04-20 17:00:00,1.01,0.36,1.61,0.6900000000000001,1.21
Puglia,2020-04-21 17:00:00,0.98,0.3,1.55,0.65,1.17
Puglia,2020-04-22 17:00:00,0.9400000000000001,0.28,1.52,0.61,1.1300000000000001
Puglia,2020-04-23 17:00:00,0.85,0.18,1.41,0.52,1.04
Puglia,2020-04-24 17:00:00,0.79,0.12,1.34,0.48,1.0
Puglia,2020-04-25 17:00:00,0.67,0.03,1.2,0.33,0.85
Sardegna,2020-03-17 17:00:00,3.0,0.86,6.84,1.86,4.2700000000000005
Sardegna,2020-03-18 17:00:00,2.73,1.3,4.16,2.0300000000000002,3.23
Sardegna,2020-03-19 17:00:00,2.35,1.22,3.39,1.82,2.72
Sardegna,2020-03-20 17:00:00,1.97,1.03,2.86,1.52,2.2800000000000002
Sardegna,2020-03-21 17:00:00,1.68,0.85,2.5100000000000002,1.27,1.96
Sardegna,2020-03-22 17:00:00,1.37,0.53,2.11,0.99,1.6400000000000001
Sardegna,2020-03-23 17:00:00,1.18,0.36,1.9000000000000001,0.79,1.43
Sardegna,2020-03-24 17:00:00,1.12,0.31,1.84,0.72,1.36
Sardegna,2020-03-25 17:00:00,1.32,0.48,2.0300000000000002,0.92,1.56
Sardegna,2020-03-26 17:00:00,1.3800000000000001,0.5700000000000001,2.09,1.05,1.67
Sardegna,2020-03-27 17:00:00,1.3900000000000001,0.59,2.08,1.04,1.6500000000000001
Sardegna,2020-03-28 17:00:00,1.29,0.51,1.97,0.9400000000000001,1.54
Sardegna,2020-03-29 17:00:00,1.18,0.39,1.84,0.81,1.41
Sardegna,2020-03-30 17:00:00,1.04,0.28,1.71,0.66,1.26
Sardegna,2020-03-31 17:00:00,0.9400000000000001,0.16,1.58,0.59,1.19
Sardegna,2020-04-01 17:00:00,0.89,0.11,1.52,0.5,1.11
Sardegna,2020-04-02 17:00:00,0.96,0.17,1.62,0.58,1.2
Sardegna,2020-04-03 17:00:00,0.93,0.17,1.61,0.56,1.18
Sardegna,2020-04-04 17:00:00,0.84,0.06,1.47,0.45,1.07
Sardegna,2020-04-05 17:00:00,0.75,0.04,1.4000000000000001,0.41000000000000003,1.02
Sardegna,2020-04-06 17:00:00,0.7000000000000001,0.01,1.35,0.33,0.9400000000000001
Sardegna,2020-04-07 17:00:00,0.77,0.03,1.43,0.38,1.01
Sardegna,2020-04-08 17:00:00,0.87,0.07,1.54,0.46,1.11
Sardegna,2020-04-09 17:00:00,0.9500000000000001,0.15,1.6600000000000001,0.53,1.19
Sardegna,2020-04-10 17:00:00,0.92,0.13,1.62,0.54,1.19
Sardegna,2020-04-11 17:00:00,0.78,0.03,1.44,0.36,1.0
Sardegna,2020-04-12 17:00:00,0.58,0.0,1.29,0.21,0.81
Sardegna,2020-04-13 17:00:00,0.39,0.0,1.18,0.11,0.65
Sardegna,2020-04-14 17:00:00,0.34,0.0,1.1400000000000001,0.08,0.59
Sardegna,2020-04-15 17:00:00,0.33,0.0,1.1300000000000001,0.07,0.5700000000000001
Sardegna,2020-04-16 17:00:00,0.36,0.0,1.19,0.07,0.6
Sardegna,2020-04-17 17:00:00,0.39,0.0,1.23,0.11,0.66
Sardegna,2020-04-18 17:00:00,0.46,0.0,1.32,0.18,0.77
Sardegna,2020-04-19 17:00:00,0.45,0.0,1.32,0.1,0.7000000000000001
Sardegna,2020-04-20 17:00:00,0.43,0.0,1.32,0.16,0.75
Sardegna,2020-04-21 17:00:00,0.38,0.0,1.28,0.1,0.67
Sardegna,2020-04-22 17:00:00,0.37,0.0,1.28,0.08,0.65
Sardegna,2020-04-23 17:00:00,0.37,0.0,1.28,0.06,0.63
Sardegna,2020-04-24 17:00:00,0.36,0.0,1.28,0.11,0.67
Sardegna,2020-04-25 17:00:00,0.41000000000000003,0.0,1.36,0.09,0.7000000000000001
Sicilia,2020-03-14 17:00:00,3.0,0.86,6.84,1.86,4.2700000000000005
Sicilia,2020-03-15 17:00:00,2.19,0.89,3.69,1.53,2.71
Sicilia,2020-03-16 17:00:00,2.11,0.9500000000000001,3.2800000000000002,1.58,2.5500000000000003
Sicilia,2020-03-17 17:00:00,2.15,1.08,3.14,1.69,2.54
Sicilia,2020-03-18 17:00:00,2.2600000000000002,1.32,3.16,1.83,2.59
Sicilia,2020-03-19 17:00:00,2.44,1.59,3.24,2.05,2.73
Sicilia,2020-03-20 17:00:00,2.45,1.6500000000000001,3.14,2.1,2.71
Sicilia,2020-03-21 17:00:00,2.4,1.7,3.0500000000000003,2.05,2.61
Sicilia,2020-03-22 17:00:00,2.2800000000000002,1.62,2.87,1.95,2.47
Sicilia,2020-03-23 17:00:00,2.16,1.52,2.7,1.84,2.33
Sicilia,2020-03-24 17:00:00,1.95,1.36,2.48,1.68,2.14
Sicilia,2020-03-25 17:00:00,1.73,1.1400000000000001,2.23,1.45,1.9000000000000001
Sicilia,2020-03-26 17:00:00,1.47,0.92,1.99,1.22,1.6600000000000001
Sicilia,2020-03-27 17:00:00,1.25,0.6900000000000001,1.76,1.0,1.44
Sicilia,2020-03-28 17:00:00,1.05,0.49,1.57,0.76,1.21
Sicilia,2020-03-29 17:00:00,0.87,0.28,1.3800000000000001,0.58,1.04
Sicilia,2020-03-30 17:00:00,0.75,0.16,1.26,0.44,0.91
Sicilia,2020-03-31 17:00:00,0.71,0.11,1.22,0.4,0.88
Sicilia,2020-04-01 17:00:00,0.63,0.04,1.1300000000000001,0.33,0.81
Sicilia,2020-04-02 17:00:00,0.6,0.04,1.12,0.32,0.8
Sicilia,2020-04-03 17:00:00,0.56,0.02,1.09,0.29,0.77
Sicilia,2020-04-04 17:00:00,0.54,0.0,1.08,0.23,0.72
Sicilia,2020-04-05 17:00:00,0.53,0.0,1.08,0.22,0.71
Sicilia,2020-04-06 17:00:00,0.56,0.0,1.11,0.26,0.76
Sicilia,2020-04-07 17:00:00,0.63,0.03,1.2,0.33,0.85
Sicilia,2020-04-08 17:00:00,0.75,0.12,1.36,0.45,0.99
Sicilia,2020-04-09 17:00:00,0.8200000000000001,0.13,1.41,0.49,1.04
Sicilia,2020-04-10 17:00:00,0.8300000000000001,0.15,1.43,0.5,1.05
Sicilia,2020-04-11 17:00:00,0.79,0.08,1.35,0.44,0.99
Sicilia,2020-04-12 17:00:00,0.67,0.05,1.25,0.32,0.86
Sicilia,2020-04-13 17:00:00,0.5700000000000001,0.01,1.16,0.23,0.76
Sicilia,2020-04-14 17:00:00,0.51,0.0,1.12,0.18,0.7000000000000001
Sicilia,2020-04-15 17:00:00,0.51,0.0,1.1400000000000001,0.22,0.74
Sicilia,2020-04-16 17:00:00,0.61,0.0,1.23,0.31,0.86
Sicilia,2020-04-17 17:00:00,0.7000000000000001,0.03,1.32,0.33,0.91
Sicilia,2020-04-18 17:00:00,0.84,0.11,1.48,0.46,1.06
Sicilia,2020-04-19 17:00:00,0.93,0.18,1.58,0.56,1.16
Sicilia,2020-04-20 17:00:00,0.99,0.21,1.6300000000000001,0.62,1.22
Sicilia,2020-04-21 17:00:00,1.02,0.27,1.68,0.67,1.26
Sicilia,2020-04-22 17:00:00,1.01,0.26,1.6600000000000001,0.64,1.23
Sicilia,2020-04-23 17:00:00,0.9500000000000001,0.21,1.59,0.63,1.21
Sicilia,2020-04-24 17:00:00,0.93,0.17,1.55,0.61,1.19
Sicilia,2020-04-25 17:00:00,0.86,0.13,1.48,0.52,1.1
Toscana,2020-03-06 17:00:00,3.0,0.86,6.84,1.86,4.2700000000000005
Toscana,2020-03-07 18:00:00,2.71,1.25,4.19,2.04,3.27
Toscana,2020-03-08 18:00:00,2.45,1.29,3.5500000000000003,1.9000000000000001,2.84
Toscana,2020-03-09 18:00:00,2.23,1.23,3.14,1.77,2.56
Toscana,2020-03-10 18:00:00,2.16,1.27,2.97,1.76,2.46
Toscana,2020-03-11 17:00:00,2.27,1.47,3.0100000000000002,1.87,2.5100000000000002
Toscana,2020-03-12 17:00:00,2.34,1.59,3.0,2.0,2.58
Toscana,2020-03-13 17:00:00,2.34,1.6600000000000001,2.95,2.0300000000000002,2.56
Toscana,2020-03-14 17:00:00,2.3000000000000003,1.6600000000000001,2.86,2.0300000000000002,2.52
Toscana,2020-03-15 17:00:00,2.27,1.67,2.79,2.0,2.46
Toscana,2020-03-16 17:00:00,2.12,1.55,2.61,1.84,2.2800000000000002
Toscana,2020-03-17 17:00:00,2.08,1.53,2.54,1.8,2.22
Toscana,2020-03-18 17:00:00,1.95,1.46,2.42,1.7,2.1
Toscana,2020-03-19 17:00:00,1.86,1.36,2.29,1.6500000000000001,2.0300000000000002
Toscana,2020-03-20 17:00:00,1.67,1.18,2.09,1.47,1.84
Toscana,2020-03-21 17:00:00,1.45,0.98,1.87,1.21,1.58
Toscana,2020-03-22 17:00:00,1.28,0.8,1.69,1.04,1.41
Toscana,2020-03-23 17:00:00,1.22,0.74,1.6300000000000001,0.98,1.35
Toscana,2020-03-24 17:00:00,1.12,0.64,1.53,0.88,1.25
Toscana,2020-03-25 17:00:00,1.21,0.72,1.61,0.97,1.34
Toscana,2020-03-26 17:00:00,1.25,0.77,1.6500000000000001,1.04,1.4000000000000001
Toscana,2020-03-27 17:00:00,1.32,0.87,1.73,1.09,1.45
Toscana,2020-03-28 17:00:00,1.24,0.78,1.6300000000000001,1.02,1.37
Toscana,2020-03-29 17:00:00,1.1300000000000001,0.66,1.51,0.91,1.26
Toscana,2020-03-30 17:00:00,1.1,0.63,1.48,0.88,1.23
Toscana,2020-03-31 17:00:00,1.04,0.58,1.43,0.8200000000000001,1.17
Toscana,2020-04-01 17:00:00,0.93,0.48,1.33,0.72,1.07
Toscana,2020-04-02 17:00:00,0.85,0.39,1.25,0.61,0.97
Toscana,2020-04-03 17:00:00,0.71,0.24,1.11,0.49,0.85
Toscana,2020-04-04 17:00:00,0.55,0.08,0.9400000000000001,0.31,0.68
Toscana,2020-04-05 17:00:00,0.44,0.0,0.8200000000000001,0.23,0.59
Toscana,2020-04-06 17:00:00,0.38,0.0,0.79,0.15,0.51
Toscana,2020-04-07 17:00:00,0.55,0.06,0.97,0.33,0.72
Toscana,2020-04-08 17:00:00,0.77,0.24,1.22,0.51,0.92
Toscana,2020-04-09 17:00:00,0.98,0.46,1.44,0.71,1.12
Toscana,2020-04-10 17:00:00,1.08,0.58,1.54,0.8200000000000001,1.22
Toscana,2020-04-11 17:00:00,1.08,0.5700000000000001,1.52,0.84,1.23
Toscana,2020-04-12 17:00:00,0.97,0.49,1.43,0.73,1.12
Toscana,2020-04-13 17:00:00,0.9400000000000001,0.43,1.3800000000000001,0.71,1.1
Toscana,2020-04-14 17:00:00,0.88,0.39,1.34,0.67,1.06
Toscana,2020-04-15 17:00:00,0.84,0.34,1.3,0.59,0.99
Toscana,2020-04-16 17:00:00,0.8,0.29,1.26,0.58,0.98
Toscana,2020-04-17 17:00:00,0.8,0.28,1.26,0.54,0.9500000000000001
Toscana,2020-04-18 17:00:00,0.7000000000000001,0.18,1.16,0.46,0.87
Toscana,2020-04-19 17:00:00,0.56,0.08,1.02,0.31,0.72
Toscana,2020-04-20 17:00:00,0.36,0.0,0.8200000000000001,0.13,0.51
Toscana,2020-04-21 17:00:00,0.34,0.0,0.81,0.13,0.5
Toscana,2020-04-22 17:00:00,0.4,0.0,0.88,0.14,0.54
Toscana,2020-04-23 17:00:00,0.49,0.0,0.97,0.24,0.67
Toscana,2020-04-24 17:00:00,0.63,0.07,1.1300000000000001,0.36,0.8200000000000001
Toscana,2020-04-25 17:00:00,0.81,0.22,1.35,0.51,0.99
Umbria,2020-03-15 17:00:00,3.0,0.86,6.84,1.86,4.2700000000000005
Umbria,2020-03-16 17:00:00,2.71,1.25,4.19,2.04,3.27
Umbria,2020-03-17 17:00:00,2.59,1.45,3.72,2.09,3.0300000000000002
Umbria,2020-03-18 17:00:00,2.5,1.5,3.4,2.08,2.86
Umbria,2020-03-19 17:00:00,2.3000000000000003,1.42,3.08,1.93,2.61
Umbria,2020-03-20 17:00:00,2.06,1.25,2.7600000000000002,1.7,2.32
Umbria,2020-03-21 17:00:00,1.84,1.1300000000000001,2.54,1.52,2.1
Umbria,2020-03-22 17:00:00,1.62,0.91,2.27,1.29,1.85
Umbria,2020-03-23 17:00:00,1.5,0.81,2.14,1.17,1.72
Umbria,2020-03-24 17:00:00,1.46,0.78,2.09,1.1400000000000001,1.68
Umbria,2020-03-25 17:00:00,1.47,0.79,2.08,1.17,1.7
Umbria,2020-03-26 17:00:00,1.42,0.76,2.0300000000000002,1.1400000000000001,1.6600000000000001
Umbria,2020-03-27 17:00:00,1.28,0.61,1.87,0.96,1.48
Umbria,2020-03-28 17:00:00,1.06,0.38,1.6400000000000001,0.74,1.26
Umbria,2020-03-29 17:00:00,0.81,0.15,1.3800000000000001,0.52,1.04
Umbria,2020-03-30 17:00:00,0.54,0.0,1.09,0.25,0.75
Umbria,2020-03-31 17:00:00,0.35000000000000003,0.0,0.99,0.07,0.53
Umbria,2020-04-01 17:00:00,0.32,0.0,0.98,0.1,0.54
Umbria,2020-04-02 17:00:00,0.4,0.0,1.08,0.13,0.62
Umbria,2020-04-03 17:00:00,0.46,0.0,1.1500000000000001,0.18,0.7000000000000001
Umbria,2020-04-04 17:00:00,0.45,0.0,1.1500000000000001,0.13,0.66
Umbria,2020-04-05 17:00:00,0.41000000000000003,0.0,1.1300000000000001,0.16,0.67
Umbria,2020-04-06 17:00:00,0.32,0.0,1.05,0.08,0.55
Umbria,2020-04-07 17:00:00,0.27,0.0,0.99,0.03,0.46
Umbria,2020-04-08 17:00:00,0.27,0.0,0.98,0.03,0.45
Umbria,2020-04-09 17:00:00,0.27,0.0,0.99,0.01,0.44
Umbria,2020-04-10 17:00:00,0.26,0.0,0.97,0.07,0.48
Umbria,2020-04-11 17:00:00,0.26,0.0,0.98,0.01,0.43
Umbria,2020-04-12 17:00:00,0.26,0.0,0.98,0.01,0.43
Umbria,2020-04-13 17:00:00,0.27,0.0,1.01,0.03,0.46
Umbria,2020-04-14 17:00:00,0.29,0.0,1.07,0.03,0.49
Umbria,2020-04-15 17:00:00,0.31,0.0,1.12,0.06,0.54
Umbria,2020-04-16 17:00:00,0.34,0.0,1.21,0.05,0.58
Umbria,2020-04-17 17:00:00,0.36,0.0,1.26,0.06,0.61
Umbria,2020-04-18 17:00:00,0.37,0.0,1.3,0.07,0.64
Umbria,2020-04-19 17:00:00,0.38,0.0,1.34,0.07,0.66
Umbria,2020-04-20 17:00:00,0.36,0.0,1.34,0.08,0.66
Umbria,2020-04-21 17:00:00,0.37,0.0,1.3800000000000001,0.07,0.67
Umbria,2020-04-22 17:00:00,0.35000000000000003,0.0,1.36,0.06,0.65
Umbria,2020-04-23 17:00:00,0.36,0.0,1.4000000000000001,0.05,0.66
Umbria,2020-04-24 17:00:00,0.37,0.0,1.44,0.09,0.71
Umbria,2020-04-25 17:00:00,0.38,0.0,1.47,0.07,0.71
Valle d'Aosta,2020-03-16 17:00:00,3.0,0.86,6.84,1.86,4.2700000000000005
Valle d'Aosta,2020-03-17 17:00:00,2.59,1.1500000000000001,4.05,1.8800000000000001,3.1
Valle d'Aosta,2020-03-18 17:00:00,2.33,1.2,3.45,1.77,2.71
Valle d'Aosta,2020-03-19 17:00:00,2.12,1.1400000000000001,3.06,1.6300000000000001,2.43
Valle d'Aosta,2020-03-20 17:00:00,1.87,0.99,2.71,1.46,2.17
Valle d'Aosta,2020-03-21 17:00:00,1.6300000000000001,0.8,2.41,1.21,1.8800000000000001
Valle d'Aosta,2020-03-22 17:00:00,1.31,0.51,2.06,0.9400000000000001,1.58
Valle d'Aosta,2020-03-23 17:00:00,0.98,0.19,1.68,0.62,1.25
Valle d'Aosta,2020-03-24 17:00:00,0.74,0.0,1.37,0.36,0.98
Valle d'Aosta,2020-03-25 17:00:00,0.71,0.0,1.3800000000000001,0.32,0.9500000000000001
Valle d'Aosta,2020-03-26 17:00:00,0.97,0.14,1.7,0.5700000000000001,1.25
Valle d'Aosta,2020-03-27 17:00:00,1.19,0.29,1.94,0.78,1.47
Valle d'Aosta,2020-03-28 17:00:00,1.41,0.52,2.16,1.04,1.71
Valle d'Aosta,2020-03-29 17:00:00,1.33,0.48,2.07,0.92,1.58
Valle d'Aosta,2020-03-30 17:00:00,1.17,0.32,1.8800000000000001,0.76,1.41
Valle d'Aosta,2020-03-31 17:00:00,1.01,0.17,1.69,0.65,1.29
Valle d'Aosta,2020-04-01 17:00:00,0.9400000000000001,0.13,1.62,0.6,1.24
Valle d'Aosta,2020-04-02 17:00:00,0.9400000000000001,0.13,1.6300000000000001,0.55,1.2
Valle d'Aosta,2020-04-03 17:00:00,1.05,0.21,1.76,0.65,1.31
Valle d'Aosta,2020-04-04 17:00:00,1.04,0.18,1.73,0.62,1.28
Valle d'Aosta,2020-04-05 17:00:00,0.99,0.15,1.68,0.65,1.3
Valle d'Aosta,2020-04-06 17:00:00,0.85,0.04,1.5,0.43,1.08
Valle d'Aosta,2020-04-07 17:00:00,0.65,0.0,1.34,0.26,0.88
Valle d'Aosta,2020-04-08 17:00:00,0.5700000000000001,0.0,1.31,0.2,0.81
Valle d'Aosta,2020-04-09 17:00:00,0.5,0.0,1.29,0.21,0.8
Valle d'Aosta,2020-04-10 17:00:00,0.44,0.0,1.26,0.12,0.7000000000000001
Valle d'Aosta,2020-04-11 17:00:00,0.43,0.0,1.27,0.12,0.7000000000000001
Valle d'Aosta,2020-04-12 17:00:00,0.46,0.0,1.31,0.14,0.74
Valle d'Aosta,2020-04-13 17:00:00,0.45,0.0,1.32,0.13,0.73
Valle d'Aosta,2020-04-14 17:00:00,0.48,0.0,1.35,0.14,0.76
Valle d'Aosta,2020-04-15 17:00:00,0.75,0.0,1.55,0.36,1.06
Valle d'Aosta,2020-04-16 17:00:00,1.03,0.11,1.83,0.64,1.3900000000000001
Valle d'Aosta,2020-04-17 17:00:00,1.16,0.2,1.96,0.72,1.47
Valle d'Aosta,2020-04-18 17:00:00,1.1300000000000001,0.19,1.9100000000000001,0.72,1.45
Valle d'Aosta,2020-04-19 17:00:00,0.9400000000000001,0.09,1.69,0.51,1.22
Valle d'Aosta,2020-04-20 17:00:00,0.59,0.0,1.37,0.21,0.85
Valle d'Aosta,2020-04-21 17:00:00,0.29,0.0,1.16,0.0,0.52
Valle d'Aosta,2020-04-22 17:00:00,0.22,0.0,1.02,0.0,0.42
Valle d'Aosta,2020-04-23 17:00:00,0.25,0.0,1.04,0.02,0.45
Valle d'Aosta,2020-04-24 17:00:00,0.28,0.0,1.09,0.01,0.47000000000000003
Valle d'Aosta,2020-04-25 17:00:00,0.3,0.0,1.1400000000000001,0.05,0.53
Veneto,2020-02-25 18:00:00,3.0,0.86,6.84,1.86,4.2700000000000005
Veneto,2020-02-26 18:00:00,2.4,1.01,3.89,1.74,2.95
Veneto,2020-02-27 18:00:00,2.36,1.19,3.52,1.81,2.7800000000000002
Veneto,2020-02-28 18:00:00,2.05,1.02,3.0,1.57,2.39
Veneto,2020-02-29 17:00:00,1.92,0.98,2.77,1.48,2.22
Veneto,2020-03-01 17:00:00,1.71,0.85,2.5100000000000002,1.28,1.97
Veneto,2020-03-02 18:00:00,1.56,0.73,2.32,1.1500000000000001,1.81
Veneto,2020-03-03 18:00:00,1.52,0.6900000000000001,2.24,1.12,1.76
Veneto,2020-03-04 17:00:00,1.57,0.76,2.27,1.2,1.82
Veneto,2020-03-05 17:00:00,1.7,0.92,2.38,1.35,1.95
Veneto,2020-03-06 17:00:00,1.83,1.08,2.48,1.46,2.04
Veneto,2020-03-07 18:00:00,1.8900000000000001,1.18,2.5100000000000002,1.55,2.1
Veneto,2020-03-08 18:00:00,1.93,1.25,2.52,1.6400000000000001,2.16
Veneto,2020-03-09 18:00:00,2.25,1.6300000000000001,2.82,1.97,2.46
Veneto,2020-03-10 18:00:00,2.37,1.76,2.87,2.07,2.5300000000000002
Veneto,2020-03-11 17:00:00,2.52,1.97,2.99,2.27,2.69
Veneto,2020-03-12 17:00:00,2.36,1.84,2.79,2.12,2.5100000000000002
Veneto,2020-03-13 17:00:00,2.16,1.69,2.58,1.92,2.29
Veneto,2020-03-14 17:00:00,1.83,1.37,2.23,1.59,1.95
Veneto,2020-03-15 17:00:00,1.68,1.24,2.08,1.45,1.8
Veneto,2020-03-16 17:00:00,1.47,1.03,1.86,1.28,1.62
Veneto,2020-03-17 17:00:00,1.59,1.1400000000000001,1.96,1.37,1.71
Veneto,2020-03-18 17:00:00,1.69,1.28,2.07,1.48,1.81
Veneto,2020-03-19 17:00:00,1.77,1.37,2.13,1.55,1.87
Veneto,2020-03-20 17:00:00,1.6600000000000001,1.26,2.0,1.45,1.76
Veneto,2020-03-21 17:00:00,1.5,1.12,1.84,1.31,1.61
Veneto,2020-03-22 17:00:00,1.25,0.88,1.59,1.04,1.34
Veneto,2020-03-23 17:00:00,1.1400000000000001,0.78,1.49,0.9400000000000001,1.24
Veneto,2020-03-24 17:00:00,1.05,0.65,1.37,0.85,1.1500000000000001
Veneto,2020-03-25 17:00:00,1.03,0.64,1.36,0.8300000000000001,1.1300000000000001
Veneto,2020-03-26 17:00:00,1.05,0.66,1.3800000000000001,0.85,1.1500000000000001
Veneto,2020-03-27 17:00:00,1.0,0.61,1.33,0.8,1.1
Veneto,2020-03-28 17:00:00,0.89,0.51,1.23,0.7000000000000001,1.0
Veneto,2020-03-29 17:00:00,0.8200000000000001,0.43,1.16,0.64,0.9400000000000001
Veneto,2020-03-30 17:00:00,0.84,0.44,1.18,0.63,0.9400000000000001
Veneto,2020-03-31 17:00:00,0.86,0.48,1.22,0.66,0.97
Veneto,2020-04-01 17:00:00,0.91,0.5,1.25,0.71,1.02
Veneto,2020-04-02 17:00:00,0.9,0.5,1.25,0.71,1.02
Veneto,2020-04-03 17:00:00,0.86,0.46,1.21,0.67,0.98
Veneto,2020-04-04 17:00:00,0.78,0.38,1.1400000000000001,0.5700000000000001,0.89
Veneto,2020-04-05 17:00:00,0.8200000000000001,0.41000000000000003,1.18,0.61,0.93
Veneto,2020-04-06 17:00:00,0.96,0.55,1.32,0.75,1.07
Veneto,2020-04-07 17:00:00,1.16,0.76,1.52,0.9400000000000001,1.26
Veneto,2020-04-08 17:00:00,1.22,0.8200000000000001,1.57,1.03,1.34
Veneto,2020-04-09 17:00:00,1.1400000000000001,0.74,1.48,0.93,1.24
Veneto,2020-04-10 17:00:00,0.9,0.52,1.26,0.7000000000000001,1.01
Veneto,2020-04-11 17:00:00,0.6,0.18,0.9400000000000001,0.43,0.74
Veneto,2020-04-12 17:00:00,0.25,0.0,0.6,0.07,0.35000000000000003
Veneto,2020-04-13 17:00:00,0.16,0.0,0.53,0.0,0.24
Veneto,2020-04-14 17:00:00,0.31,0.0,0.67,0.13,0.43
Veneto,2020-04-15 17:00:00,0.68,0.21,1.08,0.47000000000000003,0.8300000000000001
Veneto,2020-04-16 17:00:00,1.01,0.56,1.43,0.79,1.1500000000000001
Veneto,2020-04-17 17:00:00,1.1300000000000001,0.6900000000000001,1.54,0.92,1.27
Veneto,2020-04-18 17:00:00,1.05,0.6,1.44,0.8200000000000001,1.17
Veneto,2020-04-19 17:00:00,0.96,0.51,1.35,0.73,1.08
Veneto,2020-04-20 17:00:00,0.76,0.3,1.1500000000000001,0.55,0.9
Veneto,2020-04-21 17:00:00,0.78,0.31,1.18,0.55,0.91
Veneto,2020-04-22 17:00:00,0.8,0.32,1.2,0.59,0.9500000000000001
Veneto,2020-04-23 17:00:00,0.85,0.39,1.27,0.6,0.97
Veneto,2020-04-24 17:00:00,0.87,0.39,1.28,0.63,1.0
Veneto,2020-04-25 17:00:00,0.81,0.34,1.23,0.58,0.9500000000000001
